CodigoConvocatoria;CodigoSicAgente;NombreAgenteComprador;FechaPublicacionAviso;PeriodoAContratar;FechaPliegosParaConsulta;FechaPliegosDefinitivos;FechaLimiteRecepcionOfertas;AudienciaPublica;FechaMaximaFormalizacionContratos;Estado;TipoMercado;ExclusivaFNCER;FechaSuspension;FechaReactivacion;FechaCancelacion;FechaCierreConvocatoria
CP-EPIC2020-001;EPIC;CELSIA TOLIMA;3/02/2020;01/05/2020 al 31/12/2024;3/02/2020;24/02/2020;24/03/2020;3/04/2020;27/04/2020;Cerrada y adjudicada;Regulado;NO;;;;28/04/2020
CP-NMRC2020-001;NMRC;ENER+;30/01/2020;01/06/2020 al 31/12/2021;3/02/2020;24/02/2020;24/03/2020;4/04/2020;24/04/2020;Cerrada y adjudicada;Regulado;NO;;;;29/04/2020
CP-EDIC2020-001;EDIC;ELECTRICARIBE.;11/02/2020;15/05/2020 al 31/12/2025;11/02/2020;2/03/2020;31/03/2020;7/05/2020;29/05/2020;Cerrada y adjudicada;Regulado;NO;13/04/2020;;;1/06/2020
CP-EMPC2020-001;EMPC;EMSERPUCAR E.S.P.;3/03/2020;27/05/2020 al 31/12/2021;5/03/2020;26/03/2020;27/04/2020;9/05/2020;1/06/2020;Cerrada y desierta;Regulado;NO;;;;12/05/2020
CP-PEEC2020-002;PEEC;PEESA;3/03/2020;01/06/2020 al 31/12/2022;4/03/2020;26/03/2020;27/04/2020;9/05/2020;29/05/2020;Cerrada y adjudicada;Regulado;NO;;;;3/06/2020
CP-GNCC2020-001;GNCC;VATIA S.A.;20/02/2020;01/08/2020 al 31/12/2025;20/02/2020;12/03/2020;29/04/2020;13/05/2020;1/06/2020;Cerrada y adjudicada;Regulado;NO;14/04/2020;;;4/06/2020
CP-GNCC2020-002;GNCC;VATIA S.A.;2/03/2020;01/01/2021 al 31/12/2025;2/03/2020;24/03/2020;8/05/2020;21/05/2020;12/06/2020;Cerrada y desierta;Regulado;NO;22/04/2020;;;26/05/2020
CP-EEPC2020-001;EEPC;EEP(PEREIRA);30/03/2020;01/06/2020 al 31/12/2025;30/03/2020;14/04/2020;13/05/2020;23/05/2020;8/06/2020;Cerrada y adjudicada;Regulado;NO;;;;10/06/2020
CP-RTAC2020-001;RTAC;RENOVATIO;6/04/2020;01/01/2021 al 31/12/2025;6/04/2020;28/04/2020;28/05/2020;10/06/2020;11/06/2020;Cerrada y adjudicada;Regulado;NO;;;;17/06/2020
CP-CDSC2020-001;CDSC;CODENSA;21/04/2020;01/01/2021 al 31/12/2025;27/04/2020;18/05/2020;17/06/2020;2/07/2020;16/07/2020;Cerrada y adjudicada;Regulado;NO;;;;27/07/2020
CP-RTQC2020-001;RTQC;RUITOQUE S.A. E.S.P.;22/04/2020;01/01/2021 al 31/12/2025;24/04/2020;18/05/2020;17/06/2020;2/07/2020;24/07/2020;Cerrada y desierta;Regulado;NO;;;;7/07/2020
CP-DLRC2020-001;DLRC;DICELER;27/04/2020;15/07/2020 al 31/12/2026;27/04/2020;18/05/2020;17/06/2020;2/07/2020;24/07/2020;Cerrada y desierta;Regulado;NO;;;;3/07/2020
CP-HLAC2020-001;HLAC;ELECTROHUILA;29/04/2020;01/01/2022 al 31/12/2025;5/05/2020;15/05/2020;26/06/2020;10/07/2020;3/08/2020;Cerrada y adjudicada;Regulado;NO;;;;6/08/2020
CP-EPMC2020-001;EPMC;EEPPM;7/05/2020;01/01/2021 al 31/12/2036;12/05/2020;1/06/2020;2/07/2020;15/07/2020;5/08/2020;Cerrada y adjudicada;Regulado;NO;;;;18/08/2020
CP-CDNC2020-001;CDNC;CEDENAR;13/05/2020;01/10/2020 al 31/12/2021;19/05/2020;8/06/2020;9/07/2020;23/07/2020;14/08/2020;Cerrada y desierta;Regulado;NO;;;;27/07/2020
CP-EMPC2020-002;EMPC;EMSERPUCAR E.S.P.;14/05/2020;20/08/2020 al 31/12/2025;14/05/2020;5/06/2020;9/07/2020;23/07/2020;14/08/2020;Cerrada y desierta;Regulado;NO;;;;24/07/2020
CP-EEPC2020-002;EEPC;EEP(PEREIRA);5/06/2020;01/09/2020 al 31/12/2025;5/06/2020;23/06/2020;23/07/2020;5/08/2020;28/08/2020;Cerrada y adjudicada;Regulado;NO;;;;31/08/2020
CP-EDIC2020-002;EDIC;ELECTRICARIBE.;6/06/2020;15/09/2020 al 31/12/2021;6/06/2020;1/07/2020;30/07/2020;13/08/2020;20/08/2020;Cerrada y adjudicada;Regulado;NO;;;;2/09/2020
CP-EPIC2020-002;EPIC;CELSIA TOLIMA;11/06/2020;01/10/2020 al 31/12/2024;16/06/2020;9/07/2020;10/08/2020;21/08/2020;8/09/2020;Cerrada y adjudicada;Regulado;NO;;;;11/09/2020
CP-NMRC2020-002;NMRC;ENER+;16/06/2020;01/01/2021 al 31/12/2032;18/06/2020;13/07/2020;12/08/2020;26/08/2020;16/09/2020;Cerrada y desierta;Regulado;NO;;;;28/08/2020
CP-CQTC2020-001;CQTC;ELECTROCAQUETA;16/06/2020;01/01/2021 al 31/12/2025;17/06/2020;10/07/2020;12/08/2020;26/08/2020;16/09/2020;Cerrada y adjudicada;Regulado;NO;;;;28/09/2020
CP-GNCC2020-003;GNCC;VATIA S.A.;18/06/2020;01/01/2021 al 31/12/2025;18/06/2020;13/07/2020;12/08/2020;26/08/2020;14/09/2020;Cerrada y adjudicada;Regulado;NO;;;;17/09/2020
CP-RTAC2020-002;RTAC;RENOVATIO;19/06/2020;01/01/2021 al 31/12/2021;19/06/2020;14/07/2020;13/08/2020;27/08/2020;17/09/2020;Cerrada y desierta;Regulado;NO;;;;31/08/2020
CP-GNCC2020-004;GNCC;VATIA S.A.;19/06/2020;01/01/2021 al 31/12/2022;19/06/2020;14/07/2020;13/08/2020;27/08/2020;15/09/2020;Cerrada y adjudicada;Regulado;NO;;;;17/09/2020
CP-CDNC2020-002;CDNC;CEDENAR;25/06/2020;01/01/2023 al 31/12/2024;25/06/2020;17/07/2020;19/08/2020;29/08/2020;15/09/2020;Cerrada y adjudicada;Regulado;NO;;;;22/09/2020
CP-EMPC2020-003;EMPC;EMSERPUCAR E.S.P.;13/07/2020;01/10/2020 al 31/12/2025;13/07/2020;21/07/2020;20/08/2020;2/09/2020;23/09/2020;Cerrada y desierta;Regulado;NO;;;;2/09/2020
CP-DLRC2020-002;DLRC;DICELER;9/07/2020;01/10/2020 al 31/12/2026;10/07/2020;23/07/2020;24/08/2020;4/09/2020;15/09/2020;Cerrada y adjudicada;Regulado;NO;;;;1/10/2020
CP-RTQC2020-004;RTQC;RUITOQUE S.A. E.S.P.;3/07/2020;01/01/2021 al 31/12/2030;4/07/2020;27/07/2020;27/08/2020;9/09/2020;30/09/2020;Cerrada y adjudicada;Regulado;NO;;;;7/10/2020
CP-GNCC2020-005;GNCC;VATIA S.A.;3/07/2020;01/01/2022 al 31/12/2031;7/07/2020;29/07/2020;28/08/2020;10/09/2020;1/10/2020;Cerrada y adjudicada;Regulado;NO;;;;2/10/2020
CP-CHCC2020-001;CHCC;CHEC S.A. E.S.P.;6/07/2020;01/01/2022 al 31/12/2024;13/07/2020;4/08/2020;3/09/2020;16/09/2020;30/09/2020;Cerrada y adjudicada;Regulado;NO;;;;9/10/2020
CP-NEUC2020-001;NEUC;NEU;8/07/2020;01/11/2020 al 31/12/2022;16/07/2020;6/08/2020;10/09/2020;23/09/2020;15/10/2020;Cerrada y desierta;Regulado;NO;;;;24/09/2020
CP-EDIC2020-003;EDIC;ELECTRICARIBE.;21/07/2020;01/01/2022 al 31/12/2022;21/07/2020;12/08/2020;10/09/2020;23/09/2020;15/10/2020;Cerrada y desierta;Regulado;NO;;;;23/09/2020
CP-CASC2020-001;CASC;ENERCA S.A. E.S.P.;4/08/2020;01/11/2020 al 31/12/2020;6/08/2020;18/08/2020;15/09/2020;25/09/2020;13/10/2020;Cerrada y adjudicada;Regulado;NO;;;;26/10/2020
CP-EMIC2020-001;EMIC;EMCALI EICE ESP;24/07/2020;01/01/2021 al 31/12/2032;27/07/2020;11/08/2020;24/09/2020;7/10/2020;29/10/2020;Cerrada y adjudicada;Regulado;NO;15/09/2020;;;3/11/2020
CP-GNCC2020-006;GNCC;VATIA S.A.;31/07/2020;01/01/2021 al 31/12/2021;4/08/2020;26/08/2020;24/09/2020;7/10/2020;26/10/2020;Cerrada y adjudicada;Regulado;NO;;;;29/10/2020
CP-EEPC2020-003;EEPC;EEP;20/08/2020;01/12/2020 al 31/12/2024;20/08/2020;4/09/2020;2/10/2020;16/10/2020;3/11/2020;Cerrada y adjudicada;Regulado;NO;;;;5/11/2020
CP-EDPC2020-001;EDPC;DISPAC;14/08/2020;01/01/2021 al 31/12/2025;18/08/2020;7/09/2020;6/10/2020;17/10/2020;9/11/2020;Cerrada y desierta;Regulado;NO;;;;17/10/2020
CP-CNSC2020-001;CNSC;CENS;14/08/2020;01/02/2021 al 31/12/2024;18/08/2020;8/09/2020;7/10/2020;21/10/2020;12/11/2020;Cerrada y desierta;Regulado;NO;;;;22/10/2020
CP-CDSC2020-002;CDSC;CODENSA;18/08/2020;01/01/2021 al 31/12/2025;21/08/2020;11/09/2020;9/10/2020;23/10/2020;29/10/2020;Cerrada y adjudicada;Regulado;NO;;;;13/11/2020
CP-EPMC2020-002;EPMC;EPM;25/08/2020;01/01/2021 al 31/12/2025;28/08/2020;18/09/2020;19/10/2020;30/10/2020;23/11/2020;Cerrada y adjudicada;Regulado;NO;;;;1/12/2020
CP-EMPC2020-004;EMPC;EMSERPUCAR;3/09/2020;01/12/2020 al 31/12/2025;4/09/2020;18/09/2020;19/10/2020;30/10/2020;24/11/2020;Cancelada;Regulado;NO;;;9/10/2020;
CP-RTAC2020-003;RTAC;RENOVATIO;10/09/2020;01/01/2022 al 31/12/2025;14/09/2020;5/10/2020;5/11/2020;19/11/2020;11/12/2020;Cerrada y desierta;Regulado;NO;;;;24/11/2020
CP-ESSC2020-001;ESSC;ESSA;14/09/2020;01/02/2021 al 31/12/2025;15/09/2020;6/10/2020;5/11/2020;19/11/2020;11/12/2020;Cerrada y adjudicada;Regulado;NO;;;;16/12/2020
CP-NMRC2020-003;NMRC;Ener+;15/09/2020;01/01/2021 al 31/12/2030;17/09/2020;8/10/2020;9/11/2020;20/11/2020;27/11/2020;Cerrada y adjudicada;Regulado;NO;;;;2/12/2020
CP-CSSC2020-001;CSSC;CARIBESOL;5/10/2020;01/01/2021 al 31/12/2025;5/10/2020;13/10/2020;11/11/2020;25/11/2020;17/12/2020;Cerrada y adjudicada;Regulado;NO;;;;23/12/2020
CP-EPIC2020-003;EPIC;CELSIA TOLIMA;23/09/2020;01/01/2021 al 31/12/2024;24/09/2020;16/10/2020;17/11/2020;27/11/2020;12/12/2020;Cerrada y adjudicada;Regulado;NO;;;;5/01/2021
CP-EMPC2020-005;EMPC;EMSERPUCAR;10/10/2020;10/12/2020 al 31/12/2022;10/10/2020;21/10/2020;20/11/2020;27/11/2020;28/11/2020;Cerrada y adjudicada;Regulado;NO;;;;3/12/2020
CP-ENIC2020-001;ENIC;ENELAR;28/09/2020;01/01/2021 al 31/12/2021;28/09/2020;20/10/2020;19/11/2020;2/12/2020;16/12/2020;Cerrada y adjudicada;Regulado;NO;;;;24/12/2020
CP-RTQC2020-005;RTQC;RUITOQUE;6/10/2020;01/01/2021 al 31/12/2025;6/10/2020;23/10/2020;24/11/2020;3/12/2020;28/12/2020;Cerrada y desierta;Regulado;NO;;;;7/12/2020
CP-CMMC2020-002;CMMC;CARIBEMAR;15/10/2020;01/01/2021 al 31/12/2026;15/10/2020;22/10/2020;23/11/2020;4/12/2020;17/12/2020;Cerrada y adjudicada;Regulado;NO;;;;24/12/2020
CP-CHCC2020-002;CHCC;CHEC;2/10/2020;01/01/2022 al 31/12/2036;7/10/2020;29/10/2020;30/11/2020;11/12/2020;30/12/2020;Cerrada y adjudicada;Regulado;NO;;;;20/01/2021
CP-GNCC2020-007;GNCC;VATIA;5/10/2020;14/01/2021 al 31/12/2031;7/10/2020;29/10/2020;30/11/2020;11/12/2020;30/12/2020;Cerrada y adjudicada;Regulado;NO;;;;5/01/2021
CP-RTAC2020-004;RTAC;RENOVATIO;5/10/2020;21/01/2021 al 31/12/2021;5/10/2020;27/10/2020;27/11/2020;11/12/2020;5/01/2021;Cerrada y desierta;Regulado;NO;;;;14/12/2020
CP-CQTC2020-002;CQTC;ELECTROCAQUETA;14/10/2020;01/01/2021 al 31/12/2024;14/10/2020;28/10/2020;27/11/2020;11/12/2020;18/12/2020;Cerrada y adjudicada;Regulado;NO;;;;28/12/2020
CP-EEPC2020-004;EEPC;EEP;19/10/2020;01/01/2021 al 31/12/2024;19/10/2020;3/11/2020;2/12/2020;16/12/2020;31/12/2020;Cerrada y adjudicada;Regulado;NO;;;;12/01/2021
CP-DLRC2020-003;DLRC;DICELER;3/11/2020;01/01/2021 al 31/12/2025;3/11/2020;10/11/2020;10/12/2020;23/12/2020;26/12/2020;Cerrada y adjudicada;Regulado;NO;;;;12/01/2021
CP-CNSC2020-002;CNSC;CENS;21/10/2020;01/03/2021 al 31/12/2024;22/10/2020;12/11/2020;15/12/2020;26/12/2020;19/01/2021;Cerrada y adjudicada;Regulado;NO;;;;26/01/2021
CP-EDPC2020-002;EDPC;DISPAC;26/10/2020;01/02/2021 al 31/12/2025;26/10/2020;18/11/2020;17/12/2020;30/12/2020;12/01/2021;Cerrada y adjudicada;Regulado;NO;;;;18/01/2021
CP-EMIC2020-002;EMIC;EMCALI;27/10/2020;01/03/2021 al 31/12/2025;28/10/2020;19/11/2020;28/12/2020;7/01/2021;29/01/2021;Cerrada y adjudicada;Regulado;NO;;;;1/03/2021
CP-CDNC2020-003;CDNC;CEDENAR;6/11/2020;01/03/2021 al 31/12/2024;6/11/2020;30/11/2020;30/12/2020;14/01/2021;3/02/2021;Cerrada y adjudicada;Regulado;NO;;;;9/02/2021
CP-CDSC2020-003;CDSC;CODENSA;12/11/2020;01/01/2022 al 31/12/2026;17/11/2020;9/12/2020;8/01/2021;22/01/2021;27/01/2021;Cerrada y adjudicada;Regulado;NO;;;;1/02/2021
CP-CSSC2020-002;CSSC;Air-e;30/11/2020;01/03/2021 al 31/12/2026;30/11/2020;9/12/2020;8/01/2021;22/01/2021;11/02/2021;Cerrada y adjudicada;Regulado;NO;;;;16/02/2021
CP-EDQC2020-001;EDQC;EDEQ;19/11/2020;01/04/2021 al 31/12/2026;23/11/2020;15/12/2020;15/01/2021;28/01/2021;18/02/2021;Cerrada y adjudicada;Regulado;NO;;;;24/02/2021
CP-TPLC2020-001;TPLC;TERPEL;23/11/2020;01/03/2021 al 31/12/2022;25/11/2020;17/12/2020;21/01/2021;29/01/2021;19/02/2021;Cerrada y desierta;Regulado;NO;;;;29/01/2021
CP-NEUC2020-002;NEUC;NEU;17/11/2020;01/04/2021 al 31/12/2025;25/11/2020;17/12/2020;21/01/2021;3/02/2021;24/02/2021;Cerrada y desierta;Regulado;NO;;;;5/02/2021
CP-EMEC2020-002;EMEC;EMEE;10/12/2020;01/03/2021 al 31/12/2022;10/12/2020;23/12/2020;25/01/2021;5/02/2021;12/02/2021;Cerrada y adjudicada;Regulado;NO;;;;23/02/2021
CP-EPSC2020-002;EPSC;CELSIA Colombia;2/12/2020;01/01/2024 al 31/12/2025;4/12/2020;29/12/2020;28/01/2021;9/02/2021;2/03/2021;Cerrada y adjudicada;Regulado;NO;;;;17/03/2021
CP-RTQC2020-006;RTQC;RUITOQUE;28/12/2020;01/04/2021 al 31/12/2025;28/12/2020;15/01/2021;12/02/2021;25/02/2021;12/03/2021;Cerrada y adjudicada;Regulado;NO;;;;18/03/2021
CP-CMMC2021-001;CMMC;CARIBEMAR;12/01/2021;15/04/2021 al 31/12/2026;12/01/2021;22/01/2021;19/02/2021;4/03/2021;25/03/2021;Cerrada y adjudicada;Regulado;NO;;;;6/04/2021
CP-NEUC2020-003;NEUC;NEU;22/12/2020;01/05/2021 al 31/12/2025;31/12/2020;25/01/2021;22/02/2021;5/03/2021;29/03/2021;Cerrada y desierta;Regulado;NO;;;;11/03/2021
CP-CQTC2021-001;CQTC;ELECTROCAQUETA;22/01/2021;01/01/2022 al 31/12/2023;22/01/2021;12/02/2021;12/03/2021;26/03/2021;20/04/2021;Cerrada y desierta;Regulado;NO;;;;31/03/2021
CP-CSSC2021-001;CSSC;Air-e;25/01/2021;01/05/2021 al 31/12/2026;25/01/2021;12/02/2021;12/03/2021;26/03/2021;19/04/2021;Cerrada y adjudicada;Regulado;NO;;;;23/04/2021
CP-HLAC2021-001;HLAC;ELECTROHUILA;25/01/2021;01/01/2022 al 31/12/2025;29/01/2021;18/02/2021;19/03/2021;2/04/2021;21/04/2021;Cerrada y adjudicada;Regulado;NO;;;;4/05/2021
CP-GNCC2021-001;GNCC;VATIA;8/02/2021;20/05/2021 al 31/12/2025;10/02/2021;24/02/2021;25/03/2021;9/04/2021;19/04/2021;Cerrada y adjudicada;Regulado;NO;;;;23/04/2021
CP-CNSC2021-001;CNSC;CENS;8/02/2021;01/01/2022 al 31/12/2023;9/02/2021;2/03/2021;31/03/2021;15/04/2021;6/05/2021;Cerrada y desierta;Regulado;NO;;;;16/04/2021
CP-EMEC2021-001;EMEC;EMEE;25/02/2021;01/06/2021 al 31/12/2022;25/02/2021;5/03/2021;9/04/2021;22/04/2021;13/05/2021;Cerrada y adjudicada;Regulado;NO;;;;24/06/2021
CP-CDSC2021-001;CDSC;CODENSA;17/02/2021;01/01/2022 al 31/12/2036;22/02/2021;15/03/2021;15/04/2021;28/04/2021;14/05/2021;Cerrada y adjudicada;Regulado;NO;;;;26/05/2021
CP-ESSC2021-001;ESSC;ESSA;22/02/2021;10/06/2021 al 31/12/2025;23/02/2021;16/03/2021;16/04/2021;29/04/2021;21/05/2021;Cerrada y adjudicada;Regulado;NO;;;;31/05/2021
CP-TPLC2021-001;TPLC;TERPEL;16/02/2021;01/07/2021 al 31/12/2023;22/02/2021;3/03/2021;20/04/2021;30/04/2021;3/06/2021;Cerrada y adjudicada;Regulado;NO;;;;16/06/2021
CP-EEPC2021-001;EEPC;EEP;2/03/2021;01/01/2022 al 31/12/2026;2/03/2021;17/03/2021;19/04/2021;30/04/2021;24/05/2021;Cerrada y adjudicada;Regulado;NO;;;;25/05/2021
CP-NEUC2021-001;NEUC;NEU;24/02/2021;01/07/2021 al 31/12/2025;4/03/2021;26/03/2021;29/04/2021;12/05/2021;3/06/2021;Cerrada y adjudicada;Regulado;NO;;;;7/07/2021
CP-CHCC2021-001;CHCC;CHEC;8/03/2021;01/07/2021 al 31/12/2026;9/03/2021;30/03/2021;29/04/2021;12/05/2021;1/06/2021;Cerrada y adjudicada;Regulado;NO;;;;11/06/2021
CP-EMIC2021-001;EMIC;EMCALI;5/03/2021;01/07/2021 al 31/12/2032;12/03/2021;7/04/2021;5/05/2021;14/05/2021;8/06/2021;Cerrada y adjudicada;Regulado;NO;;;;2/07/2021
CP-EPMC2021-001;EPMC;EPM;18/03/2021;01/01/2022 al 31/12/2027;24/03/2021;16/04/2021;14/05/2021;28/05/2021;22/06/2021;Cerrada y adjudicada;Regulado;NO;;;;8/07/2021
CP-ENIC2021-001;ENIC;ENELAR;25/03/2021;01/08/2021 al 31/12/2024;26/03/2021;20/04/2021;21/05/2021;3/06/2021;16/06/2021;Cerrada y adjudicada;Regulado;NO;;;;7/07/2021
CP-RTQC2021-001;RTQC;RUITOQUE;30/03/2021;19/07/2021 al 31/12/2023;30/03/2021;22/04/2021;21/05/2021;3/06/2021;28/06/2021;Cerrada y desierta;Regulado;NO;;;;8/06/2021
CP-CSSC2021-002;CSSC;Air-e;31/03/2021;01/07/2021 al 31/12/2026;31/03/2021;14/04/2021;21/05/2021;3/06/2021;16/06/2021;Cerrada y adjudicada;Regulado;NO;;;;21/06/2021
CP-EDQC2021-001;EDQC;EDEQ;5/04/2021;01/01/2022 al 31/12/2023;5/04/2021;26/04/2021;27/05/2021;10/06/2021;2/07/2021;Cerrada y desierta;Regulado;NO;;;;16/06/2021
CP-CDNC2021-001;CDNC;CEDENAR;7/04/2021;01/08/2021 al 31/12/2024;7/04/2021;28/04/2021;27/05/2021;10/06/2021;28/06/2021;Cerrada y adjudicada;Regulado;NO;;;;8/07/2021
CP-GNCC2021-002;GNCC;VATIA;26/04/2021;05/08/2021 al 31/12/2026;26/04/2021;10/05/2021;9/06/2021;23/06/2021;13/07/2021;Cerrada y adjudicada;Regulado;NO;;;;15/07/2021
CP-CMMC2021-002;CMMC;CARIBEMAR;4/05/2021;01/08/2021 al 31/12/2035;4/05/2021;19/05/2021;18/06/2021;1/07/2021;16/07/2021;Cerrada y adjudicada;Regulado;NO;;;;28/07/2021
CP-CNSC2021-002;CNSC;CENS;26/04/2021;01/01/2022 al 31/12/2023;27/04/2021;19/05/2021;21/06/2021;2/07/2021;23/07/2021;Cerrada y adjudicada;Regulado;NO;;;;4/08/2021
CP-NEUC2021-002;NEUC;NEU;20/04/2021;01/09/2021 al 31/12/2025;28/04/2021;20/05/2021;24/06/2021;8/07/2021;30/07/2021;Cerrada y desierta;Regulado;NO;;;;12/07/2021
CP-EEPC2021-002;EEPC;EEP;10/05/2021;01/01/2022 al 31/12/2026;10/05/2021;26/05/2021;25/06/2021;8/07/2021;29/07/2021;Cerrada y adjudicada;Regulado;NO;;;;30/07/2021
CP-HLAC2021-002;HLAC;ELECTROHUILA;18/05/2021;01/01/2022 al 31/12/2024;19/05/2021;2/06/2021;2/07/2021;16/07/2021;9/08/2021;Cerrada y desierta;Regulado;NO;;;;19/07/2021
CP-TPLC2021-002;TPLC;TERPEL;6/05/2021;01/01/2022 al 31/12/2022;12/05/2021;25/05/2021;14/07/2021;26/07/2021;17/08/2021;Cerrada y desierta;Regulado;NO;;;;26/07/2021
CP-CETC2021-001;CETC;CETSA;26/05/2021;01/01/2023 al 31/12/2032;28/05/2021;22/06/2021;22/07/2021;3/08/2021;25/08/2021;Cerrada y adjudicada;Regulado;NO;;;;8/09/2021
CP-EPSC2021-001;EPSC;CELSIA Colombia;28/05/2021;01/01/2024 al 31/12/2032;31/05/2021;23/06/2021;23/07/2021;4/08/2021;25/08/2021;Cerrada y adjudicada;Regulado;NO;;;;8/09/2021
CP-EVSC2021-001;EVSC;EMEVASI;28/05/2021;01/01/2022 al 31/12/2023;28/05/2021;22/06/2021;22/07/2021;4/08/2021;26/08/2021;Cerrada y adjudicada;Regulado;NO;;;;10/09/2021
CP-CQTC2021-002;CQTC;ELECTROCAQUETA;1/06/2021;01/01/2022 al 31/12/2028;1/06/2021;24/06/2021;26/07/2021;6/08/2021;30/08/2021;Cerrada y desierta;Regulado;NO;;;;12/08/2021
CP-CSSC2021-003;CSSC;Air-e;4/06/2021;01/09/2021 al 31/12/2026;4/06/2021;7/07/2021;5/08/2021;19/08/2021;6/09/2021;Cerrada y adjudicada;Regulado;NO;22/06/2021;;;23/09/2021
CP-CDSC2021-002;CDSC;CODENSA;8/06/2021;01/01/2022 al 31/12/2036;11/06/2021;6/07/2021;6/08/2021;20/08/2021;1/09/2021;Cerrada y adjudicada;Regulado;NO;;;;10/09/2021
CP-CDNC2021-002;CDNC;CEDENAR;28/06/2021;01/10/2021 al 31/12/2024;28/06/2021;21/07/2021;19/08/2021;1/09/2021;22/09/2021;Cerrada y desierta;Regulado;NO;;;;3/09/2021
CP-ESSC2021-002;ESSC;ESSA;29/06/2021;01/01/2022 al 31/12/2027;30/06/2021;23/07/2021;23/08/2021;3/09/2021;23/09/2021;Cerrada y adjudicada;Regulado;NO;;;;28/09/2021
CP-RTQC2021-002;RTQC;RUITOQUE;6/07/2021;19/10/2021 al 31/12/2023;6/07/2021;28/07/2021;26/08/2021;8/09/2021;15/09/2021;Cerrada y adjudicada;Regulado;NO;;;;16/09/2021
CP-CNSC2021-003;CNSC;CENS;12/07/2021;01/01/2022 al 31/12/2023;13/07/2021;4/08/2021;2/09/2021;15/09/2021;6/10/2021;Cerrada y adjudicada;Regulado;NO;;;;26/10/2021
CP-EEPC2021-003;EEPC;EEP;16/07/2021;01/01/2022 al 31/12/2024;16/07/2021;4/08/2021;2/09/2021;15/09/2021;5/10/2021;Cerrada y adjudicada;Regulado;NO;;;;7/10/2021
CP-EGVC2021-001;EGVC;ENERGUAVIARE;19/07/2021;01/01/2022 al 31/12/2031;19/07/2021;4/08/2021;2/09/2021;15/09/2021;6/10/2021;Cerrada y desierta;Regulado;NO;;;;15/09/2021
CP-GNCC2021-003;GNCC;VATIA;22/07/2021;04/11/2021 al 31/12/2026;26/07/2021;11/08/2021;9/09/2021;22/09/2021;8/10/2021;Cerrada y adjudicada;Regulado;NO;;;;14/10/2021
CP-EPMC2021-002;EPMC;EPM;30/07/2021;01/01/2022 al 31/12/2027;4/08/2021;26/08/2021;23/09/2021;6/10/2021;25/10/2021;Cerrada y adjudicada;Regulado;NO;;;;10/12/2021
CP-NEUC2021-003;NEUC;NEU;5/08/2021;01/01/2022 al 31/12/2036;6/08/2021;30/08/2021;27/09/2021;8/10/2021;2/11/2021;Cerrada y desierta;Regulado;NO;;;;12/10/2021
CP-CMMC2021-003;CMMC;CARIBEMAR;31/08/2021;01/12/2021 al 31/12/2027;31/08/2021;17/09/2021;15/10/2021;29/10/2021;22/11/2021;Cerrada y adjudicada;Regulado;NO;;;;10/12/2021
CP-EVSC2021-002;EVSC;EMEVASI;31/08/2021;01/01/2022 al 31/12/2022;1/09/2021;22/09/2021;21/10/2021;4/11/2021;23/11/2021;Cerrada y adjudicada;Regulado;NO;;;;9/12/2021
CP-EBSC2021-001;EBSC;EBSA;31/08/2021;01/01/2023 al 31/12/2024;1/09/2021;27/09/2021;2/11/2021;11/11/2021;3/12/2021;Cerrada y desierta;Regulado;NO;21/09/2021;;;17/11/2021
CP-NMRC2021-001;NMRC;Ener+;6/09/2021;01/01/2022 al 31/12/2022;8/09/2021;29/09/2021;28/10/2021;11/11/2021;24/11/2021;Cerrada y adjudicada;Regulado;NO;;;;6/12/2021
CP-EEPC2021-004;EEPC;EEP;16/09/2021;01/01/2022 al 31/12/2023;16/09/2021;30/09/2021;29/10/2021;12/11/2021;6/12/2021;Cerrada y desierta;Regulado;NO;;;;16/11/2021
CP-EGVC2021-002;EGVC;ENERGUAVIARE;15/09/2021;01/01/2022 al 31/12/2031;15/09/2021;30/09/2021;2/11/2021;13/11/2021;30/11/2021;Cerrada y adjudicada;Regulado;NO;;;;3/12/2021
CP-TPLC2021-005;TPLC;TERPEL;13/09/2021;01/01/2022 al 31/12/2031;17/09/2021;1/10/2021;9/11/2021;18/11/2021;10/12/2021;Cerrada y desierta;Regulado;NO;;;;18/11/2021
CP-QIEC2021-001;QIEC;QI ENERGY;14/09/2021;01/01/2022 al 31/12/2023;14/09/2021;5/10/2021;4/11/2021;18/11/2021;10/12/2021;Cerrada y desierta;Regulado;NO;;;;23/11/2021
CP-EDQC2021-002;EDQC;EDEQ;17/09/2021;01/02/2022 al 31/12/2036;17/09/2021;8/10/2021;11/11/2021;25/11/2021;17/12/2021;Cerrada y desierta;Regulado;NO;;;;29/11/2021
CP-ESSC2021-003;ESSC;ESSA;27/09/2021;01/02/2022 al 31/12/2027;28/09/2021;19/10/2021;18/11/2021;1/12/2021;23/12/2021;Cerrada y adjudicada;Regulado;NO;;;;30/12/2021
CP-CQTC2021-003;CQTC;ELECTROCAQUETA;5/10/2021;01/01/2022 al 31/12/2028;5/10/2021;19/10/2021;18/11/2021;1/12/2021;17/12/2021;Cerrada y adjudicada;Regulado;NO;;;;22/12/2021
CP-CSSC2021-004;CSSC;Air-e;1/10/2021;01/01/2022 al 31/12/2024;1/10/2021;20/10/2021;19/11/2021;2/12/2021;10/12/2021;Cerrada y adjudicada;Regulado;NO;;;;21/12/2021
CP-GNCC2021-004;GNCC;VATIA;12/10/2021;01/01/2022 al 31/12/2026;12/10/2021;21/10/2021;22/11/2021;3/12/2021;23/12/2021;Cerrada y adjudicada;Regulado;NO;;;;29/12/2021
CP-QIEC2021-002;QIEC;QI ENERGY;5/10/2021;01/01/2022 al 31/12/2032;5/10/2021;26/10/2021;26/11/2021;9/12/2021;30/12/2021;Cerrada y desierta;Regulado;NO;;;;13/12/2021
CP-EEPC2021-005;EEPC;EEP;26/10/2021;01/01/2022 al 31/12/2023;26/10/2021;9/11/2021;9/12/2021;22/12/2021;11/01/2022;Cerrada y adjudicada;Regulado;NO;;;;13/01/2022
CP-TENC2021-001;TENC;Tenergeticas;21/10/2021;01/02/2022 al 31/12/2033;25/10/2021;17/11/2021;16/12/2021;29/12/2021;13/01/2022;Cerrada y adjudicada;Regulado;NO;;;;18/01/2022
CP-CHCC2021-003;CHCC;CHEC;19/10/2021;01/03/2022 al 31/12/2027;21/10/2021;12/11/2021;22/12/2021;31/12/2021;21/01/2022;Cerrada y adjudicada;Regulado;NO;10/12/2021;;;31/01/2022
CP-CDNC2021-003;CDNC;CEDENAR;9/11/2021;01/03/2022 al 31/12/2032;9/11/2021;1/12/2021;30/12/2021;13/01/2022;2/02/2022;Cerrada y adjudicada;Regulado;NO;;;;14/02/2022
CP-GNCC2021-005;GNCC;VATIA;11/11/2021;01/02/2022 al 31/12/2026;16/11/2021;1/12/2021;30/12/2021;13/01/2022;2/02/2022;Cerrada y adjudicada;Regulado;NO;;;;4/02/2022
CP-RTQC2021-003;RTQC;RUITOQUE;16/11/2021;01/03/2022 al 31/12/2025;16/11/2021;7/12/2021;5/01/2022;19/01/2022;9/02/2022;Cerrada y desierta;Regulado;NO;;;;19/01/2022
CP-HLAC2021-003;HLAC;ELECTROHUILA;9/12/2021;01/03/2022 al 31/12/2031;9/12/2021;24/12/2021;24/01/2022;4/02/2022;25/02/2022;Cerrada y adjudicada;Regulado;NO;;;;28/02/2022
CP-EPTC2021-001;EPTC;PUTUMAYO;7/12/2021;01/01/2023 al 31/12/2029;9/12/2021;30/12/2021;28/01/2022;9/02/2022;2/03/2022;Cerrada y adjudicada;Regulado;NO;;;;4/03/2022
CP-CSSC2021-005;CSSC;Air-e;21/12/2021;03/03/2022 al 31/03/2032;21/12/2021;31/12/2021;31/01/2022;11/02/2022;21/02/2022;Cerrada y adjudicada;Regulado;NO;;;;8/03/2022
CP-TPLC2021-006;TPLC;TERPEL;1/12/2021;01/11/2022 al 31/12/2031;3/12/2021;17/12/2021;3/02/2022;14/02/2022;7/03/2022;Cerrada y desierta;No Regulado;NO;17/12/2021;;;15/02/2022
CP-EDQC2021-003;EDQC;EDEQ;22/12/2021;01/05/2022 al 31/12/2027;23/12/2021;14/01/2022;11/02/2022;24/02/2022;17/03/2022;Cerrada y adjudicada;Regulado;NO;;;;28/03/2022
CP-CDSC2021-003;CDSC;CODENSA;25/12/2021;01/04/2022 al 31/12/2036;29/12/2021;20/01/2022;17/02/2022;2/03/2022;15/03/2022;Cerrada y adjudicada;Regulado;NO;;;;23/03/2022
CP-NEUC2022-002;NEUC;NEU;13/01/2022;01/05/2022 al 31/12/2024;14/01/2022;20/01/2022;17/02/2022;2/03/2022;24/03/2022;Cerrada y adjudicada;Regulado;NO;;;;11/04/2022
CP-CEOC2022-001;CEOC;CEO S.A.S E.S.P.;4/01/2022;01/05/2022 al 30/04/2032;7/01/2022;28/01/2022;25/02/2022;10/03/2022;1/04/2022;Cerrada y adjudicada;Regulado;NO;;;;26/04/2022
CP-CNSC2021-004;CNSC;CENS;29/12/2021;01/05/2022 al 31/12/2037;30/12/2021;2/02/2022;2/03/2022;13/03/2022;1/04/2022;Cerrada y adjudicada;Regulado;NO;20/01/2022;;;25/04/2022
CP-CQTC2022-001;CQTC;ELECTROCAQUETA;17/01/2022;01/05/2022 al 31/12/2030;17/01/2022;7/02/2022;7/03/2022;18/03/2022;11/04/2022;Cerrada y adjudicada;Regulado;NO;;;;20/04/2022
CP-CEOC2022-002;CEOC;CEO S.A.S E.S.P.;21/01/2022;01/01/2023 al 31/12/2027;25/01/2022;15/02/2022;17/03/2022;31/03/2022;25/04/2022;Cerrada y adjudicada;Regulado;NO;;;;4/05/2022
CP-PEEC2022-001;PEEC;PEESA;8/02/2022;01/05/2022 al 31/12/2023;8/02/2022;21/02/2022;22/03/2022;2/04/2022;26/04/2022;Cerrada y desierta;Regulado;NO;;;;5/04/2022
CP-GNCC2022-001;GNCC;VATIA;14/02/2022;06/05/2022 al 31/12/2026;16/02/2022;2/03/2022;31/03/2022;13/04/2022;5/05/2022;Cerrada y adjudicada;Regulado;NO;;;;12/05/2022
CP-CSSC2022-001;CSSC;Air-e;23/02/2022;01/05/2022 al 31/12/2027;23/02/2022;2/03/2022;31/03/2022;13/04/2022;6/05/2022;Cerrada y adjudicada;Regulado;NO;;;;18/05/2022
CP-QIEC2022-001;QIEC;QI ENERGY;18/02/2022;01/06/2022 al 31/12/2032;18/02/2022;7/03/2022;5/04/2022;20/04/2022;11/05/2022;Cerrada y desierta;Regulado;NO;;;;22/04/2022
CP-EEPC2022-001;EEPC;EEP;26/02/2022;01/05/2022 al 31/12/2029;26/02/2022;9/03/2022;7/04/2022;22/04/2022;11/05/2022;Cerrada y adjudicada;Regulado;NO;;;;16/05/2022
CP-TPLC2022-001;TPLC;TERPEL;15/02/2022;01/11/2022 al 31/12/2032;17/02/2022;3/03/2022;19/04/2022;28/04/2022;19/05/2022;Cerrada y adjudicada;No Regulado;NO;;;;30/06/2022
CP-NEUC2022-003;NEUC;NEU;9/03/2022;01/06/2022 al 31/12/2024;9/03/2022;15/03/2022;13/04/2022;28/04/2022;5/05/2022;Cerrada y adjudicada;Regulado;NO;;;;6/06/2022
CP-ENIC2022-001;ENIC;ENELAR;28/02/2022;01/07/2022 al 31/12/2029;28/02/2022;22/03/2022;21/04/2022;4/05/2022;26/05/2022;Cerrada y adjudicada;Regulado;NO;;;;8/07/2022
CP-RTQC2022-001;RTQC;RUITOQUE;2/03/2022;01/06/2022 al 31/12/2030;2/03/2022;24/03/2022;25/04/2022;6/05/2022;30/05/2022;Cerrada y desierta;Regulado;NO;;;;10/05/2022
CP-TPLC2022-002;TPLC;TERPEL;2/03/2022;01/09/2022 al 31/12/2025;4/03/2022;18/03/2022;29/04/2022;9/05/2022;31/05/2022;Cancelada;Regulado;NO;;;30/03/2022;
CP-ESSC2022-001;ESSC;ESSA;4/03/2022;01/01/2023 al 31/12/2040;7/03/2022;29/03/2022;28/04/2022;11/05/2022;1/06/2022;Cerrada y adjudicada;Regulado;NO;;;;14/06/2022
CP-CDNC2022-001;CDNC;CEDENAR;7/03/2022;01/01/2023 al 31/12/2032;7/03/2022;29/03/2022;28/04/2022;11/05/2022;2/06/2022;Cerrada y adjudicada;Regulado;NO;;;;3/06/2022
CP-EPMC2022-001;EPMC;EPM;1/03/2022;01/01/2023 al 31/12/2032;4/03/2022;28/03/2022;2/05/2022;13/05/2022;6/06/2022;Cerrada y adjudicada;Regulado;NO;;;;30/06/2022
CP-CNSC2022-001;CNSC;CENS;18/03/2022;01/07/2022 al 31/12/2037;22/03/2022;12/04/2022;12/05/2022;25/05/2022;15/06/2022;Cerrada y adjudicada;Regulado;NO;;;;6/07/2022
CP-TPLC2022-003;TPLC;TERPEL;30/03/2022;01/08/2022 al 31/12/2032;1/04/2022;19/04/2022;18/05/2022;27/05/2022;21/06/2022;Cerrada y adjudicada;Regulado;NO;;;;30/06/2022
CP-EBPC2022-001;EBPC;BAJO PUTUMAYO;6/04/2022;01/01/2023 al 31/12/2027;7/04/2022;2/05/2022;31/05/2022;9/06/2022;23/06/2022;Cerrada y adjudicada;Regulado;NO;;;;29/06/2022
CP-CSSC2022-002;CSSC;Air-e;26/04/2022;01/07/2022 al 31/12/2028;26/04/2022;4/05/2022;2/06/2022;14/06/2022;30/06/2022;Cerrada y adjudicada;Regulado;NO;;;;12/07/2022
CP-NEUC2022-004;NEUC;NEU;29/04/2022;01/07/2022 al 31/12/2022;29/04/2022;5/05/2022;3/06/2022;16/06/2022;12/07/2022;Cerrada y desierta;Regulado;NO;;;;17/06/2022
CP-CMMC2022-001;CMMC;CARIBEMAR;26/04/2022;07/07/2022 al 31/12/2032;26/04/2022;9/05/2022;7/06/2022;18/06/2022;13/07/2022;Cerrada y desierta;Regulado;NO;;;;22/06/2022
CP-CQTC2022-002;CQTC;ELECTROCAQUETA;20/04/2022;01/08/2022 al 31/12/2025;20/04/2022;11/05/2022;9/06/2022;23/06/2022;15/07/2022;Cerrada y adjudicada;Regulado;NO;;;;27/07/2022
CP-EMIC2022-001;EMIC;EMCALI;2/05/2022;01/09/2022 al 31/12/2036;3/05/2022;24/05/2022;23/06/2022;8/07/2022;1/08/2022;Cerrada y desierta;Regulado;NO;;;;11/07/2022
CP-NMRC2022-001;NMRC;Ener+;6/05/2022;01/09/2022 al 31/12/2032;6/05/2022;27/05/2022;29/06/2022;13/07/2022;4/08/2022;Cerrada y desierta;Regulado;NO;;;;14/07/2022
CP-EPTC2022-001;EPTC;PUTUMAYO;6/05/2022;01/01/2023 al 31/12/2029;6/05/2022;27/05/2022;29/06/2022;13/07/2022;2/08/2022;Cerrada y adjudicada;Regulado;NO;;;;11/08/2022
CP-EDQC2022-001;EDQC;EDEQ;9/05/2022;01/09/2022 al 31/12/2032;10/05/2022;1/06/2022;1/07/2022;15/07/2022;8/08/2022;Cerrada y adjudicada;Regulado;NO;;;;17/08/2022
CP-RTQC2022-002;RTQC;RUITOQUE;16/05/2022;01/09/2022 al 31/12/2024;16/05/2022;7/06/2022;8/07/2022;21/07/2022;11/08/2022;Cerrada y adjudicada;Regulado;NO;;;;23/08/2022
CP-CDNC2022-002;CDNC;CEDENAR;19/05/2022;01/01/2023 al 31/12/2032;19/05/2022;10/06/2022;13/07/2022;27/07/2022;16/08/2022;Cerrada y adjudicada;Regulado;NO;;;;19/08/2022
CP-HLAC2022-001;HLAC;ELECTROHUILA;24/05/2022;01/09/2022 al 31/12/2031;26/05/2022;10/06/2022;13/07/2022;27/07/2022;8/08/2022;Cerrada y adjudicada;Regulado;NO;;;;18/08/2022
CP-DCLC2022-001;DCLC;DICEL;23/05/2022;01/09/2022 al 31/12/2033;23/05/2022;14/06/2022;15/07/2022;29/07/2022;22/08/2022;Cerrada y desierta;Regulado;NO;;;;29/07/2022
CP-PEEC2022-002;PEEC;PEESA;7/06/2022;18/08/2022 al 31/12/2023;7/06/2022;16/06/2022;19/07/2022;31/07/2022;2/08/2022;Cerrada y adjudicada;Regulado;NO;;;;3/08/2022
CP-ENDC2022-001;ENDC;ENEL;23/05/2022;01/09/2022 al 31/12/2036;26/05/2022;17/06/2022;21/07/2022;3/08/2022;9/08/2022;Cerrada y adjudicada;Regulado;NO;;;;18/08/2022
CP-DLRC2022-001;DLRC;DICELER;27/05/2022;01/09/2022 al 31/12/2033;27/05/2022;21/06/2022;22/07/2022;4/08/2022;26/08/2022;Cerrada y desierta;Regulado;NO;;;;5/08/2022
CP-EBSC2022-001;EBSC;EBSA;2/06/2022;01/01/2023 al 31/12/2038;6/06/2022;29/06/2022;29/07/2022;10/08/2022;1/09/2022;Cerrada y adjudicada;Regulado;NO;;;;13/09/2022
CP-CHCC2022-001;CHCC;CHEC;31/05/2022;01/10/2022 al 31/12/2037;2/06/2022;24/06/2022;29/07/2022;11/08/2022;1/09/2022;Cerrada y adjudicada;Regulado;NO;;;;6/09/2022
CP-CDNC2022-003;CDNC;CEDENAR;6/06/2022;01/01/2025 al 31/12/2026;6/06/2022;29/06/2022;29/07/2022;11/08/2022;2/09/2022;Cerrada y adjudicada;Regulado;NO;;;;6/09/2022
CP-ESSC2022-002;ESSC;ESSA;13/06/2022;01/01/2023 al 31/12/2030;14/06/2022;6/07/2022;4/08/2022;18/08/2022;6/09/2022;Cerrada y adjudicada;Regulado;NO;;;;22/09/2022
CP-NEUC2022-005;NEUC;NEU;5/07/2022;01/09/2022 al 31/12/2022;5/07/2022;7/07/2022;5/08/2022;19/08/2022;9/09/2022;Cancelada;Regulado;NO;;;29/07/2022;
CP-EPSC2022-001;EPSC;CELSIA Colombia;15/06/2022;01/01/2025 al 31/12/2027;16/06/2022;12/07/2022;10/08/2022;23/08/2022;12/09/2022;Cerrada y adjudicada;Regulado;NO;;;;3/10/2022
CP-TENC2022-001;TENC;Tenergeticas;24/06/2022;01/10/2022 al 31/12/2033;28/06/2022;15/07/2022;16/08/2022;26/08/2022;16/09/2022;Cerrada y desierta;Regulado;NO;;;;19/09/2022
CP-CETC2022-001;CETC;CETSA;23/06/2022;01/01/2025 al 31/12/2027;24/06/2022;19/07/2022;18/08/2022;30/08/2022;15/09/2022;Cerrada y adjudicada;Regulado;NO;;;;3/10/2022
CP-NEUC2022-007;NEUC;NEU;8/07/2022;01/01/2023 al 31/12/2023;8/07/2022;15/07/2022;18/08/2022;31/08/2022;21/09/2022;Cerrada y desierta;Regulado;NO;;;;5/09/2022
CP-CASC2022-001;CASC;ENERCA;13/07/2022;01/01/2023 al 31/12/2032;13/07/2022;25/07/2022;23/08/2022;2/09/2022;23/09/2022;Cerrada y desierta;Regulado;NO;;;;6/09/2022
CP-CSSC2022-003;CSSC;Air-e;19/07/2022;01/01/2024 al 31/12/2028;19/07/2022;28/07/2022;26/08/2022;8/09/2022;29/09/2022;Cerrada y desierta;Regulado;NO;;;;19/09/2022
CP-NEUC2022-008;NEUC;NEU;4/08/2022;01/10/2022 al 31/12/2022;4/08/2022;5/08/2022;5/09/2022;16/09/2022;16/09/2022;Cerrada y adjudicada;Regulado;NO;;;;10/10/2022
CP-CNSC2022-002;CNSC;CENS;18/07/2022;01/01/2023 al 31/12/2032;19/07/2022;10/08/2022;8/09/2022;21/09/2022;11/10/2022;Cerrada y adjudicada;Regulado;NO;;;;1/11/2022
CP-CMMC2022-002;CMMC;CARIBEMAR;26/07/2022;01/11/2022 al 31/12/2032;26/07/2022;10/08/2022;8/09/2022;21/09/2022;27/09/2022;Cerrada y adjudicada;Regulado;NO;;;;13/10/2022
CP-BIAC2022-001;BIAC;BIAE;8/08/2022;01/11/2022 al 31/12/2027;8/08/2022;16/08/2022;13/09/2022;23/09/2022;10/10/2022;Cerrada y adjudicada;Regulado;NO;;;;18/10/2022
CP-EXEC2022-001;EXEC;exenergy;3/08/2022;01/11/2022 al 31/12/2032;9/08/2022;24/08/2022;21/09/2022;30/09/2022;11/10/2022;Cerrada y adjudicada;Regulado;NO;;;;14/10/2022
CP-EDPC2022-002;EDPC;DISPAC;5/08/2022;01/01/2023 al 31/12/2032;5/08/2022;29/08/2022;27/09/2022;6/10/2022;28/10/2022;Cerrada y desierta;Regulado;NO;;;;6/10/2022
CP-GAPC2022-001;GAPC;GAP ENERGY;3/08/2022;01/01/2023 al 31/12/2032;8/08/2022;29/08/2022;28/09/2022;7/10/2022;31/10/2022;Cerrada y adjudicada;No Regulado;NO;;;;16/12/2022
CP-CDNC2022-004;CDNC;CEDENAR;12/08/2022;01/01/2023 al 31/12/2032;12/08/2022;5/09/2022;3/10/2022;14/10/2022;8/11/2022;Cerrada y desierta;Regulado;NO;;;;18/10/2022
CP-EMPC2022-001;EMPC;EMSERPUCAR;26/07/2022;01/01/2023 al 31/12/2024;26/07/2022;15/08/2022;6/10/2022;20/10/2022;11/11/2022;Cerrada y desierta;Regulado;NO;26/08/2022;;;24/10/2022
CP-EEPC2022-002;EEPC;EEP;19/08/2022;01/01/2023 al 31/12/2037;19/08/2022;9/09/2022;7/10/2022;21/10/2022;11/11/2022;Cerrada y adjudicada;Regulado;NO;;;;15/11/2022
CP-NMRC2022-002;NMRC;Ener+;2/09/2022;15/11/2022 al 31/12/2032;2/09/2022;9/09/2022;7/10/2022;21/10/2022;15/11/2022;Cerrada y desierta;Regulado;NO;;;;24/10/2022
CP-CQTC2022-003;CQTC;ELECTROCAQUETA;25/08/2022;01/01/2023 al 31/12/2025;25/08/2022;15/09/2022;13/10/2022;27/10/2022;21/11/2022;Cerrada y desierta;Regulado;NO;;;;30/11/2022
CP-EPTC2022-002;EPTC;PUTUMAYO;26/08/2022;01/01/2023 al 31/12/2023;26/08/2022;16/09/2022;14/10/2022;27/10/2022;17/11/2022;Cerrada y adjudicada;Regulado;NO;;;;22/11/2022
CP-FREC2022-002;FREC;FRANCA ENERGIA;29/08/2022;01/01/2023 al 31/12/2032;29/08/2022;16/09/2022;21/10/2022;28/10/2022;22/11/2022;Cerrada y desierta;No Regulado;NO;;;;31/10/2022
CP-RTQC2022-003;RTQC;RUITOQUE;19/08/2022;01/01/2023 al 31/12/2027;22/08/2022;12/09/2022;24/10/2022;3/11/2022;28/11/2022;Cerrada y adjudicada;Regulado;NO;6/10/2022;;;13/12/2022
CP-TENC2022-002;TENC;Tenergeticas;2/09/2022;01/01/2023 al 31/12/2033;6/09/2022;27/09/2022;26/10/2022;4/11/2022;29/11/2022;Cerrada y desierta;Regulado;NO;;;;9/11/2022
CP-EPMC2022-002;EPMC;EPM;19/08/2022;01/01/2023 al 31/12/2028;24/08/2022;28/09/2022;27/10/2022;10/11/2022;2/12/2022;Cerrada y adjudicada;Regulado;NO;14/09/2022;;;19/12/2022
CP-GNCC2022-002;GNCC;VATIA;19/08/2022;01/01/2023 al 31/12/2025;23/08/2022;8/09/2022;27/10/2022;10/11/2022;2/12/2022;Cerrada y adjudicada;Regulado;NO;3/10/2022;;;6/12/2022
CP-EMIC2022-002;EMIC;EMCALI;7/09/2022;01/01/2023 al 31/12/2036;8/09/2022;29/09/2022;29/10/2022;11/11/2022;5/12/2022;Cerrada y adjudicada;Regulado;NO;;;;2/01/2023
CP-EDQC2022-002;EDQC;EDEQ;2/09/2022;01/01/2023 al 31/12/2023;5/09/2022;30/09/2022;2/11/2022;17/11/2022;7/12/2022;Cerrada y adjudicada;Regulado;NO;26/09/2022;;;20/12/2022
CP-CEOC2022-003;CEOC;CEO S.A.S E.S.P.;9/09/2022;01/01/2023 al 31/12/2024;13/09/2022;4/10/2022;2/11/2022;17/11/2022;9/12/2022;Cerrada y desierta;Regulado;NO;;;;22/11/2022
CP-CEOC2022-004;CEOC;CEO S.A.S E.S.P.;16/09/2022;01/02/2023 al 31/12/2024;20/09/2022;11/10/2022;10/11/2022;24/11/2022;16/12/2022;Cerrada y desierta;Regulado;NO;;;;24/11/2022
CP-CASC2022-002;CASC;ENERCA;28/09/2022;01/01/2023 al 31/12/2032;28/09/2022;11/10/2022;10/11/2022;24/11/2022;14/12/2022;Cerrada y adjudicada;Regulado;NO;;;;10/01/2023
CP-SOEC2022-001;SOEC;SOEN S.A. E.S.P.;4/10/2022;01/01/2023 al 31/12/2032;21/10/2022;24/10/2022;24/11/2022;5/12/2022;27/12/2022;Cerrada y desierta;No Regulado;NO;;;;5/12/2022
CP-CDNC2022-005;CDNC;CEDENAR;7/10/2022;01/02/2023 al 31/01/2033;7/10/2022;31/10/2022;30/11/2022;14/12/2022;4/01/2023;Cerrada y desierta;Regulado;NO;;;;14/12/2022
CP-SCEC2022-001;SCEC;SOL & CIELO ENERGIA;11/10/2022;01/01/2023 al 31/12/2034;11/10/2022;2/11/2022;2/12/2022;16/12/2022;6/01/2023;Cerrada y desierta;Regulado;NO;;;;16/12/2022
CP-EEPC2022-003;EEPC;EEP;26/10/2022;01/01/2023 al 31/12/2023;26/10/2022;8/11/2022;7/12/2022;21/12/2022;30/12/2022;Cerrada y adjudicada;Regulado;NO;;;;2/01/2023
CP-NEUC2022-009;NEUC;NEU;3/11/2022;01/01/2023 al 31/12/2037;3/11/2022;8/11/2022;7/12/2022;21/12/2022;12/01/2023;Cerrada y desierta;Regulado;NO;;;;23/12/2022
CP-HLAC2022-002;HLAC;ELECTROHUILA;25/10/2022;01/01/2023 al 31/12/2037;25/10/2022;10/11/2022;12/12/2022;23/12/2022;12/01/2023;Cerrada y adjudicada;Regulado;NO;;;;26/01/2023
CP-BIAC2022-002;BIAC;BIAE;1/11/2022;01/02/2023 al 31/12/2038;1/11/2022;10/11/2022;12/12/2022;23/12/2022;13/01/2023;Cerrada y adjudicada;Regulado;NO;;;;17/01/2023
CP-QIEC2022-002;QIEC;QI ENERGY;4/11/2022;09/02/2023 al 31/12/2024;4/11/2022;14/11/2022;13/12/2022;24/12/2022;16/01/2023;Cerrada y desierta;Regulado;NO;;;;24/12/2022
CP-ENBC2022-001;ENBC;ENERBIT;25/10/2022;01/02/2023 al 31/12/2027;25/10/2022;17/11/2022;16/12/2022;28/12/2022;19/01/2023;Cerrada y adjudicada;Regulado;NO;;;;23/01/2023
CP-EDPC2022-004;EDPC;DISPAC;25/10/2022;01/02/2023 al 31/12/2032;25/10/2022;17/11/2022;19/12/2022;28/12/2022;18/01/2023;Cerrada y adjudicada;Regulado;NO;;;;3/02/2023
CP-TENC2022-003;TENC;Tenergeticas;9/11/2022;01/02/2023 al 31/12/2033;10/11/2022;21/11/2022;20/12/2022;30/12/2022;23/01/2023;Cerrada y adjudicada;Regulado;NO;;;;14/02/2023
CP-EMEC2022-001;EMEC;EMEE;18/11/2022;01/02/2023 al 31/12/2025;18/11/2022;28/11/2022;27/12/2022;3/01/2023;25/01/2023;Cerrada y desierta;Regulado;NO;;;;3/01/2023
CP-VESC2022-001;VESC;VOLTAJE EMPRESARIAL;22/11/2022;23/02/2023 al 31/12/2027;22/11/2022;25/11/2022;26/12/2022;6/01/2023;30/01/2023;Cerrada y desierta;No Regulado;NO;;;;10/01/2023
CP-GNCC2022-003;GNCC;VATIA;17/11/2022;01/02/2023 al 31/12/2026;21/11/2022;7/12/2022;5/01/2023;19/01/2023;27/01/2023;Cerrada y adjudicada;Regulado;NO;;;;31/01/2023
CP-EMPC2022-002;EMPC;EMSERPUCAR;2/12/2022;01/02/2023 al 31/12/2026;2/12/2022;14/12/2022;12/01/2023;25/01/2023;15/02/2023;Cerrada y adjudicada;Regulado;NO;;;;16/02/2023
CP-RTQC2022-004;RTQC;RUITOQUE;25/11/2022;01/03/2023 al 31/12/2024;25/11/2022;19/12/2022;17/01/2023;28/01/2023;17/02/2023;Cerrada y adjudicada;Regulado;NO;;;;2/03/2023
CP-CQTC2022-004;CQTC;ELECTROCAQUETA;6/12/2022;01/04/2023 al 31/12/2041;6/12/2022;28/12/2022;26/01/2023;8/02/2023;1/03/2023;Cerrada y desierta;Regulado;NO;;;;17/02/2023
CP-CDNC2022-006;CDNC;CEDENAR;7/12/2022;01/04/2023 al 31/03/2033;7/12/2022;29/12/2022;27/01/2023;9/02/2023;2/03/2023;Cerrada y desierta;Regulado;NO;;;;9/02/2023
CP-ITLC2022-001;ITLC;ITALENER;14/12/2022;01/03/2023 al 31/12/2034;14/12/2022;30/12/2022;30/01/2023;10/02/2023;1/03/2023;Cerrada y adjudicada;Regulado;NO;;;;6/03/2023
CP-EPMC2022-003;EPMC;EPM;24/11/2022;01/04/2023 al 31/12/2025;29/11/2022;21/12/2022;2/02/2023;1/03/2023;23/03/2023;Cerrada y adjudicada;Regulado;NO;13/02/2023;;;31/03/2023
CP-ESSC2023-001;ESSC;ESSA;10/01/2023;01/05/2023 al 31/12/2040;11/01/2023;30/01/2023;27/02/2023;10/03/2023;31/03/2023;Cerrada y adjudicada;Regulado;NO;;;;17/04/2023
CP-EMSC2023-001;EMSC;EMSA;10/01/2023;01/05/2023 al 31/12/2032;11/01/2023;1/02/2023;1/03/2023;12/03/2023;31/03/2023;Cerrada y adjudicada;Regulado;NO;;;;24/04/2023
CP-EXEC2023-001;EXEC;exenergy;16/01/2023;01/05/2023 al 31/12/2024;20/01/2023;9/02/2023;9/03/2023;21/03/2023;13/04/2023;Cerrada y adjudicada;Regulado;NO;;;;21/04/2023
CP-HLAC2023-001;HLAC;ELECTROHUILA;25/01/2023;01/04/2023 al 31/12/2037;25/01/2023;9/02/2023;9/03/2023;23/03/2023;17/04/2023;Cerrada y adjudicada;Regulado;NO;;;;25/04/2023
CP-EEPC2023-001;EEPC;EEP;27/01/2023;01/04/2023 al 31/12/2028;27/01/2023;10/02/2023;10/03/2023;24/03/2023;18/04/2023;Cerrada y desierta;Regulado;NO;;;;27/03/2023
CP-TPLC2023-001;TPLC;TERPEL;23/01/2023;08/05/2023 al 31/12/2025;25/01/2023;15/02/2023;15/03/2023;29/03/2023;20/04/2023;Cerrada y adjudicada;Regulado;NO;;;;21/04/2023
CP-BIAC2023-001;BIAC;BIAE;9/02/2023;15/05/2023 al 31/12/2025;9/02/2023;22/02/2023;23/03/2023;5/04/2023;19/04/2023;Cerrada y adjudicada;Regulado;NO;;;;25/04/2023
CP-CDNC2023-001;CDNC;CEDENAR;6/02/2023;01/06/2023 al 31/12/2023;6/02/2023;27/02/2023;28/03/2023;12/04/2023;26/04/2023;Cerrada y adjudicada;Regulado;NO;;;;3/05/2023
CP-CNSC2023-001;CNSC;CENS;9/02/2023;01/06/2023 al 31/12/2027;9/02/2023;1/03/2023;30/03/2023;14/04/2023;8/05/2023;Cerrada y desierta;Regulado;NO;;;;18/04/2023
CP-RTQC2023-001;RTQC;RUITOQUE;15/02/2023;01/06/2023 al 31/12/2025;15/02/2023;8/03/2023;10/04/2023;21/04/2023;12/05/2023;Cerrada y adjudicada;Regulado;NO;;;;26/05/2023
CP-BIAC2023-002;BIAC;BIAE;15/02/2023;01/01/2026 al 31/12/2038;15/02/2023;8/03/2023;10/04/2023;21/04/2023;15/05/2023;Cerrada y desierta;Regulado;NO;;;;24/04/2023
CP-NEUC2023-001;NEUC;NEU;6/03/2023;01/05/2023 al 31/12/2023;6/03/2023;8/03/2023;10/04/2023;21/04/2023;12/05/2023;Cerrada y adjudicada;Regulado;NO;;;;16/05/2023
CP-GNCC2023-001;GNCC;VATIA;20/02/2023;01/06/2023 al 31/12/2027;22/02/2023;14/03/2023;14/04/2023;27/04/2023;10/05/2023;Cerrada y adjudicada;Regulado;NO;;;;18/05/2023
CP-CMMC2023-001;CMMC;CARIBEMAR;7/03/2023;01/06/2023 al 31/12/2037;7/03/2023;22/03/2023;21/04/2023;5/05/2023;26/05/2023;Cerrada y adjudicada;Regulado;NO;;;;7/06/2023
CP-SCEC2023-001;SCEC;SOL & CIELO ENERGIA;3/03/2023;01/06/2023 al 31/12/2035;3/03/2023;27/03/2023;26/04/2023;10/05/2023;1/06/2023;Cerrada y desierta;Regulado;NO;;;;10/05/2023
CP-EXEC2023-002;EXEC;exenergy;3/03/2023;01/08/2023 al 31/12/2033;9/03/2023;30/03/2023;2/05/2023;11/05/2023;2/06/2023;Cerrada y desierta;Regulado;NO;;;;12/05/2023
CP-CMXC2023-001;CMXC;CEMEX ENERGY;10/03/2023;01/07/2023 al 31/12/2033;10/03/2023;3/04/2023;4/05/2023;17/05/2023;8/06/2023;Cerrada y desierta;No Regulado;NO;;;;19/05/2023
CP-ENDC2023-001;ENDC;ENEL;14/03/2023;01/06/2023 al 31/12/2037;17/03/2023;12/04/2023;11/05/2023;25/05/2023;16/06/2023;Cerrada y desierta;Regulado;NO;;;;29/05/2023
CP-EDPC2023-001;EDPC;DISPAC;17/03/2023;01/07/2023 al 31/12/2027;17/03/2023;12/04/2023;12/05/2023;25/05/2023;16/06/2023;Cerrada y adjudicada;Regulado;NO;;;;23/06/2023
CP-CSSC2023-001;CSSC;Air-e;24/03/2023;01/10/2023 al 31/12/2035;24/03/2023;18/04/2023;17/05/2023;31/05/2023;23/06/2023;Cerrada y desierta;Regulado;NO;;;;2/06/2023
CP-EEPC2023-002;EEPC;EEP;31/03/2023;01/06/2023 al 31/12/2030;31/03/2023;18/04/2023;17/05/2023;31/05/2023;23/06/2023;Cerrada y adjudicada;Regulado;NO;;;;26/06/2023
CP-CETC2023-001;CETC;CETSA;28/03/2023;01/01/2025 al 31/12/2027;28/03/2023;20/04/2023;19/05/2023;1/06/2023;26/06/2023;Cerrada y adjudicada;Regulado;NO;;;;2/08/2023
CP-EPMC2023-001;EPMC;EPM;22/03/2023;01/08/2023 al 31/12/2028;28/03/2023;20/04/2023;19/05/2023;2/06/2023;27/06/2023;Cerrada y adjudicada;Regulado;NO;;;;30/06/2023
CP-ESSC2023-002;ESSC;ESSA;30/03/2023;01/08/2023 al 31/12/2036;31/03/2023;25/04/2023;25/05/2023;7/06/2023;29/06/2023;Cerrada y adjudicada;Regulado;NO;;;;10/07/2023
CP-CQTC2023-001;CQTC;ELECTROCAQUETA;4/04/2023;01/08/2023 al 31/12/2041;4/04/2023;27/04/2023;29/05/2023;9/06/2023;5/07/2023;Cerrada y adjudicada;Regulado;NO;;;;13/07/2023
CP-ITLC2023-001;ITLC;ITALENER;12/04/2023;01/07/2023 al 31/12/2024;12/04/2023;27/04/2023;29/05/2023;9/06/2023;5/07/2023;Cerrada y desierta;Regulado;NO;;;;13/06/2023
CP-CEOC2023-001;CEOC;CEO S.A.S E.S.P.;9/04/2023;01/08/2023 al 31/12/2028;11/04/2023;3/05/2023;1/06/2023;15/06/2023;10/07/2023;Cerrada y desierta;Regulado;NO;;;;15/06/2023
CP-EMIC2023-001;EMIC;EMCALI;10/04/2023;01/01/2024 al 31/12/2036;11/04/2023;3/05/2023;1/06/2023;15/06/2023;10/07/2023;Cerrada y desierta;Regulado;NO;;;;20/06/2023
CP-EXEC2023-003;EXEC;exenergy;14/04/2023;01/11/2023 al 31/12/2033;18/04/2023;5/05/2023;5/06/2023;15/06/2023;10/07/2023;Cerrada y desierta;Regulado;NO;;;;29/06/2023
CP-CNSC2023-002;CNSC;CENS;12/04/2023;01/01/2024 al 31/12/2037;12/04/2023;4/05/2023;2/06/2023;16/06/2023;10/07/2023;Cerrada y adjudicada;Regulado;NO;;;;14/07/2023
CP-EPSC2023-001;EPSC;CELSIA Colombia;12/04/2023;01/01/2025 al 31/12/2027;13/04/2023;5/05/2023;5/06/2023;16/06/2023;5/07/2023;Cerrada y adjudicada;Regulado;NO;;;;2/08/2023
CP-EDQC2023-001;EDQC;EDEQ;14/04/2023;01/12/2023 al 31/12/2029;17/04/2023;9/05/2023;7/06/2023;22/06/2023;14/07/2023;Cerrada y adjudicada;Regulado;NO;;;;28/07/2023
CP-EBPC2023-001;EBPC;BAJO PUTUMAYO;19/04/2023;01/08/2023 al 31/07/2033;20/04/2023;4/05/2023;9/06/2023;22/06/2023;14/07/2023;Cerrada y desierta;Regulado;NO;;;;23/06/2023
CP-NEUC2023-002;NEUC;NEU;4/05/2023;01/07/2023 al 31/12/2024;4/05/2023;9/05/2023;7/06/2023;22/06/2023;14/07/2023;Cerrada y desierta;Regulado;NO;;;;26/06/2023
CP-SCEC2023-002;SCEC;SOL & CIELO ENERGIA;5/05/2023;01/07/2023 al 31/12/2035;5/05/2023;10/05/2023;8/06/2023;22/06/2023;14/07/2023;Cerrada y desierta;Regulado;NO;;;;26/06/2023
CP-BIAC2023-003;BIAC;BIAE;21/04/2023;01/08/2023 al 31/12/2025;21/04/2023;10/05/2023;8/06/2023;23/06/2023;17/07/2023;Cerrada y adjudicada;Regulado;NO;;;;24/07/2023
CP-EMIC2023-002;EMIC;EMCALI;12/04/2023;01/01/2024 al 31/12/2036;13/04/2023;5/05/2023;22/06/2023;6/07/2023;28/07/2023;Cerrada y adjudicada;No Regulado;NO;7/06/2023;;;1/09/2023
CP-TPLC2023-002;TPLC;TERPEL;28/04/2023;10/08/2023 al 31/03/2024;3/05/2023;25/05/2023;26/06/2023;7/07/2023;26/07/2023;Cerrada y adjudicada;Regulado;NO;;;;16/08/2023
CP-RTQC2023-002;RTQC;RUITOQUE;10/05/2023;01/01/2024 al 31/12/2026;10/05/2023;31/05/2023;30/06/2023;14/07/2023;8/08/2023;Cerrada y desierta;Regulado;NO;;;;18/07/2023
CP-EBPC2023-002;EBPC;BAJO PUTUMAYO;11/05/2023;15/08/2023 al 31/12/2027;12/05/2023;2/06/2023;5/07/2023;14/07/2023;8/08/2023;Cerrada y desierta;Regulado;NO;;;;17/07/2023
CP-GNCC2023-002;GNCC;VATIA;8/05/2023;01/09/2023 al 31/12/2028;8/05/2023;25/05/2023;6/07/2023;19/07/2023;1/08/2023;Cerrada y adjudicada;Regulado;NO;26/06/2023;;;4/08/2023
CP-CHCC2023-001;CHCC;CHEC;12/05/2023;01/10/2023 al 31/12/2028;15/05/2023;6/06/2023;12/07/2023;26/07/2023;16/08/2023;Cerrada y adjudicada;Regulado;NO;;;;24/08/2023
CP-EMSC2023-002;EMSC;EMSA;18/05/2023;01/01/2024 al 31/12/2038;19/05/2023;13/06/2023;13/07/2023;26/07/2023;16/08/2023;Cerrada y adjudicada;Regulado;NO;;;;29/08/2023
CP-DLRC2023-001;DLRC;DICELER;19/05/2023;01/09/2023 al 31/12/2033;19/05/2023;13/06/2023;13/07/2023;27/07/2023;18/08/2023;Cerrada y desierta;Regulado;NO;;;;25/01/2024
CP-CDNC2023-002;CDNC;CEDENAR;23/05/2023;01/10/2023 al 31/12/2037;23/05/2023;14/06/2023;14/07/2023;28/07/2023;22/08/2023;Cerrada y desierta;Regulado;NO;;;;28/07/2023
CP-HLAC2023-002;HLAC;ELECTROHUILA;29/05/2023;01/08/2023 al 31/12/2037;30/05/2023;14/06/2023;14/07/2023;28/07/2023;15/08/2023;Cerrada y adjudicada;Regulado;NO;;;;24/08/2023
CP-ESVC2023-002;ESVC;SIGLO XXI;6/06/2023;01/09/2023 al 31/12/2025;6/06/2023;16/06/2023;19/07/2023;1/08/2023;18/08/2023;Cerrada y adjudicada;Regulado;NO;;;;28/08/2023
CP-QIEC2023-001;QIEC;QI ENERGY;6/06/2023;14/09/2023 al 30/09/2033;6/06/2023;16/06/2023;19/07/2023;2/08/2023;25/08/2023;Cerrada y desierta;Regulado;NO;;;;4/08/2023
CP-ENBC2023-001;ENBC;ENERBIT;7/06/2023;01/09/2023 al 31/12/2033;7/06/2023;23/06/2023;25/07/2023;2/08/2023;25/08/2023;Cerrada y adjudicada;Regulado;NO;;;;1/09/2023
CP-BIAC2023-004;BIAC;BIAE;20/06/2023;01/09/2023 al 31/12/2024;20/06/2023;24/06/2023;25/07/2023;5/08/2023;18/08/2023;Cerrada y adjudicada;Regulado;NO;;;;22/08/2023
CP-EEPC2023-003;EEPC;EEP;14/06/2023;01/09/2023 al 31/12/2025;14/06/2023;28/06/2023;28/07/2023;11/08/2023;30/08/2023;Cerrada y adjudicada;Regulado;NO;;;;5/09/2023
CP-CMXC2023-002;CMXC;CEMEX ENERGY;13/06/2023;01/10/2023 al 31/12/2033;13/06/2023;6/07/2023;4/08/2023;18/08/2023;11/09/2023;Cerrada y desierta;No Regulado;NO;;;;22/08/2023
CP-EBPC2023-003;EBPC;BAJO PUTUMAYO;14/06/2023;15/09/2023 al 14/09/2033;15/06/2023;10/07/2023;9/08/2023;18/08/2023;11/09/2023;Cerrada y adjudicada;Regulado;NO;;;;25/09/2023
CP-EXEC2023-004;EXEC;exenergy;21/06/2023;01/09/2023 al 31/12/2033;23/06/2023;10/07/2023;9/08/2023;18/08/2023;11/09/2023;Cerrada y desierta;Regulado;NO;;;;18/08/2023
CP-ENDC2023-002;ENDC;ENEL;23/06/2023;01/09/2023 al 31/12/2037;26/06/2023;11/07/2023;10/08/2023;24/08/2023;5/09/2023;Cerrada y adjudicada;Regulado;NO;;;;14/09/2023
CP-NEUC2023-003;NEUC;NEU;12/07/2023;01/01/2024 al 31/12/2024;12/07/2023;19/07/2023;18/08/2023;1/09/2023;22/09/2023;Cerrada y desierta;Regulado;NO;;;;4/09/2023
CP-ENIC2023-001;ENIC;ENELAR;30/06/2023;01/10/2023 al 31/12/2034;30/06/2023;25/07/2023;24/08/2023;6/09/2023;26/09/2023;Cerrada y adjudicada;Regulado;NO;;;;28/09/2023
CP-CASC2023-001;CASC;ENERCA;12/07/2023;01/01/2024 al 31/12/2033;12/07/2023;25/07/2023;24/08/2023;6/09/2023;26/09/2023;Cerrada y adjudicada;Regulado;NO;;;;4/10/2023
CP-EPMC2023-002;EPMC;EPM;30/06/2023;01/12/2023 al 31/12/2031;6/07/2023;28/07/2023;29/08/2023;8/09/2023;29/09/2023;Cerrada y adjudicada;Regulado;NO;;;;5/10/2023
CP-BIAC2023-005;BIAC;BIAE;26/07/2023;12/10/2023 al 31/12/2027;26/07/2023;3/08/2023;4/09/2023;15/09/2023;6/10/2023;Cerrada y desierta;Regulado;NO;;;;15/09/2023
CP-EBPC2023-004;EBPC;BAJO PUTUMAYO;7/07/2023;13/10/2023 al 12/10/2033;10/07/2023;14/08/2023;12/09/2023;22/09/2023;13/10/2023;Cerrada y adjudicada;Regulado;NO;31/07/2023;;;27/10/2023
CP-ESSC2023-003;ESSC;ESSA;18/07/2023;10/11/2023 al 31/12/2036;19/07/2023;11/08/2023;11/09/2023;22/09/2023;13/10/2023;Cerrada y desierta;Regulado;NO;;;;25/09/2023
CP-CMXC2023-003;CMXC;CEMEX ENERGY;10/08/2023;09/11/2023 al 31/12/2033;10/08/2023;14/08/2023;12/09/2023;22/09/2023;13/10/2023;Cerrada y desierta;No Regulado;NO;;;;26/09/2023
CP-EDPC2023-002;EDPC;DISPAC;25/07/2023;01/11/2023 al 31/12/2027;25/07/2023;16/08/2023;14/09/2023;27/09/2023;19/10/2023;Cerrada y desierta;Regulado;NO;;;;27/09/2023
CP-EBSC2023-001;EBSC;EBSA;31/07/2023;01/01/2024 al 31/12/2026;1/08/2023;23/08/2023;20/09/2023;29/09/2023;23/10/2023;Cerrada y desierta;Regulado;NO;;;;2/10/2023
CP-CQTC2023-002;CQTC;ELECTROCAQUETA;1/08/2023;01/11/2023 al 31/12/2030;1/08/2023;24/08/2023;21/09/2023;4/10/2023;26/10/2023;Cerrada y adjudicada;Regulado;NO;;;;10/11/2023
CP-RTQC2023-003;RTQC;RUITOQUE;3/08/2023;01/01/2024 al 31/12/2026;3/08/2023;22/08/2023;22/09/2023;5/10/2023;27/10/2023;Cerrada y desierta;Regulado;NO;;;;10/10/2023
CP-CSSC2023-002;CSSC;Air-e;18/07/2023;01/10/2023 al 31/12/2036;18/07/2023;27/07/2023;25/09/2023;6/10/2023;30/10/2023;Cerrada y desierta;Regulado;NO;25/08/2023;;;6/10/2023
CP-CDNC2023-003;CDNC;CEDENAR;9/08/2023;01/12/2023 al 31/12/2037;9/08/2023;31/08/2023;28/09/2023;11/10/2023;30/10/2023;Cerrada y adjudicada;Regulado;NO;;;;2/11/2023
CP-ENIC2023-002;ENIC;ENELAR;15/08/2023;01/12/2023 al 31/12/2034;15/08/2023;5/09/2023;3/10/2023;14/10/2023;7/11/2023;Cerrada y desierta;Regulado;NO;;;;15/10/2023
CP-CNSC2023-003;CNSC;CENS;15/08/2023;01/01/2024 al 31/12/2029;16/08/2023;7/09/2023;5/10/2023;19/10/2023;9/11/2023;Cerrada y adjudicada;Regulado;NO;;;;24/11/2023
CP-EMSC2023-003;EMSC;EMSA;18/08/2023;01/01/2024 al 31/12/2038;18/08/2023;10/09/2023;6/10/2023;20/10/2023;14/11/2023;Cerrada y adjudicada;Regulado;NO;;;;27/11/2023
CP-EEPC2023-004;EEPC;EEP;25/08/2023;01/11/2023 al 31/12/2037;25/08/2023;8/09/2023;6/10/2023;20/10/2023;10/11/2023;Cerrada y adjudicada;Regulado;NO;;;;14/11/2023
CP-EPSC2023-002;EPSC;CELSIA Colombia;23/08/2023;01/01/2024 al 31/12/2028;24/08/2023;14/09/2023;12/10/2023;25/10/2023;10/11/2023;Cerrada y adjudicada;Regulado;NO;;;;23/11/2023
CP-HLAC2023-003;HLAC;ELECTROHUILA;29/08/2023;01/12/2023 al 31/12/2037;30/08/2023;13/09/2023;11/10/2023;25/10/2023;17/11/2023;Cerrada y desierta;Regulado;NO;;;;27/10/2023
CP-NEUC2023-004;NEUC;NEU;5/09/2023;01/01/2024 al 31/12/2028;5/09/2023;13/09/2023;11/10/2023;25/10/2023;17/11/2023;Cerrada y desierta;Regulado;NO;;;;27/10/2023
CP-EVSC2023-001;EVSC;EMEVASI;25/08/2023;01/01/2024 al 31/12/2026;25/08/2023;15/09/2023;13/10/2023;27/10/2023;15/11/2023;Cerrada y adjudicada;Regulado;NO;;;;4/12/2023
CP-EDQC2023-002;EDQC;EDEQ;28/08/2023;15/12/2023 al 31/12/2027;29/08/2023;15/09/2023;13/10/2023;27/10/2023;17/11/2023;Cerrada y adjudicada;Regulado;NO;;;;28/11/2023
CP-BIAC2023-006;BIAC;BIAE;5/09/2023;01/12/2023 al 31/12/2025;5/09/2023;18/09/2023;17/10/2023;27/10/2023;10/11/2023;Cerrada y adjudicada;Regulado;NO;;;;17/11/2023
CP-CHCC2023-002;CHCC;CHEC;25/08/2023;01/01/2024 al 31/12/2032;29/08/2023;19/09/2023;19/10/2023;1/11/2023;24/11/2023;Cerrada y adjudicada;Regulado;NO;;;;15/12/2023
CP-CMMC2023-002;CMMC;CARIBEMAR;18/09/2023;07/12/2023 al 31/12/2037;18/09/2023;27/09/2023;26/10/2023;6/11/2023;10/11/2023;Cerrada y adjudicada;Regulado;NO;;;;22/11/2023
CP-EBPC2023-005;EBPC;BAJO PUTUMAYO;6/09/2023;01/01/2029 al 31/12/2033;7/09/2023;27/09/2023;26/10/2023;9/11/2023;1/12/2023;Cancelada;Regulado;NO;;;2/10/2023;
CP-NEUC2023-005;NEUC;NEU;21/09/2023;01/01/2024 al 31/12/2040;21/09/2023;28/09/2023;27/10/2023;10/11/2023;4/12/2023;Cerrada y desierta;Regulado;NO;;;;16/11/2023
CP-EBPC2023-006;EBPC;BAJO PUTUMAYO;2/10/2023;23/11/2023 al 31/12/2033;3/10/2023;6/10/2023;7/11/2023;14/11/2023;5/12/2023;Cerrada y desierta;Regulado;NO;;;;15/11/2023
CP-EMIC2023-003;EMIC;EMCALI;15/09/2023;01/01/2024 al 31/12/2026;15/09/2023;6/10/2023;8/11/2023;22/11/2023;14/12/2023;Cancelada;Regulado;NO;7/11/2023;;22/11/2023;
CP-ESVC2023-004;ESVC;SIGLO XXI;21/09/2023;01/01/2024 al 30/06/2024;22/09/2023;10/10/2023;9/11/2023;22/11/2023;14/12/2023;Cerrada y desierta;Regulado;NO;;;;22/11/2023
CP-EPMC2023-003;EPMC;EPM;14/09/2023;01/01/2024 al 31/12/2028;19/09/2023;10/10/2023;9/11/2023;23/11/2023;15/12/2023;Cerrada y adjudicada;Regulado;NO;;;;20/12/2023
CP-ENDC2023-003;ENDC;ENEL;26/09/2023;01/12/2023 al 31/12/2038;27/09/2023;11/10/2023;10/11/2023;24/11/2023;14/12/2023;Cerrada y adjudicada;Regulado;NO;;;;3/01/2024
CP-NEUC2023-006;NEUC;NEU;20/10/2023;01/01/2024 al 31/12/2040;20/10/2023;24/10/2023;23/11/2023;6/12/2023;15/12/2023;Cerrada y adjudicada;Regulado;NO;;;;18/01/2024
CP-EMIC2023-004;EMIC;EMCALI;19/09/2023;01/01/2024 al 31/12/2036;19/09/2023;10/10/2023;24/11/2023;7/12/2023;2/01/2024;Cancelada;No Regulado;NO;7/11/2023;;24/11/2023;
CP-GNCC2023-003;GNCC;VATIA;13/10/2023;01/02/2024 al 31/12/2027;13/10/2023;30/10/2023;29/11/2023;13/12/2023;5/01/2024;Cerrada y desierta;Regulado;NO;;;;19/12/2023
CP-CEOC2023-002;CEOC;CEO S.A.S E.S.P.;8/10/2023;01/01/2025 al 31/12/2029;10/10/2023;1/11/2023;1/12/2023;15/12/2023;10/01/2024;Cerrada y desierta;Regulado;NO;;;;16/12/2023
CP-ESSC2023-004;ESSC;ESSA;9/10/2023;01/02/2024 al 31/12/2033;10/10/2023;1/11/2023;1/12/2023;15/12/2023;10/01/2024;Cerrada y adjudicada;Regulado;NO;;;;22/01/2024
CP-GNCC2023-004;GNCC;VATIA;13/10/2023;01/02/2024 al 31/12/2034;18/10/2023;1/11/2023;1/12/2023;15/12/2023;29/12/2023;Cerrada y adjudicada;Regulado;NO;;;;3/01/2024
CP-SOEC2023-001;SOEC;SOEN S.A. E.S.P.;12/10/2023;01/02/2024 al 31/01/2034;12/10/2023;3/11/2023;11/12/2023;18/12/2023;11/01/2024;Cerrada y desierta;No Regulado;NO;;;;19/12/2023
CP-EEPC2023-005;EEPC;EEP;20/10/2023;01/01/2024 al 31/12/2027;20/10/2023;7/11/2023;6/12/2023;20/12/2023;15/01/2024;Cerrada y adjudicada;Regulado;NO;;;;16/01/2024
CP-CEOC2023-003;CEOC;CEO S.A.S E.S.P.;25/10/2023;01/01/2024 al 31/12/2024;27/10/2023;8/11/2023;11/12/2023;22/12/2023;6/01/2024;Cerrada y adjudicada;Regulado;NO;;;;17/01/2024
CP-CSSC2023-003;CSSC;Air-e;26/10/2023;18/01/2024 al 31/12/2036;26/10/2023;9/11/2023;11/12/2023;22/12/2023;17/01/2024;Cerrada y desierta;Regulado;NO;;;;26/12/2023
CP-CASC2023-002;CASC;ENERCA;8/11/2023;01/01/2024 al 31/12/2024;8/11/2023;16/11/2023;15/12/2023;28/12/2023;22/01/2024;Cerrada y desierta;Regulado;NO;;;;29/12/2023
CP-BIAC2023-007;BIAC;BIAE;31/10/2023;01/02/2024 al 31/12/2038;31/10/2023;16/11/2023;15/12/2023;29/12/2023;22/01/2024;Cerrada y adjudicada;Regulado;NO;;;;29/01/2024
CP-EBPC2023-007;EBPC;BAJO PUTUMAYO;9/11/2023;01/01/2024 al 31/12/2033;9/11/2023;17/11/2023;18/12/2023;29/12/2023;23/01/2024;Cerrada y desierta;Regulado;NO;;;;4/01/2024
CP-RTQC2023-004;RTQC;RUITOQUE;26/10/2023;01/02/2024 al 31/12/2027;26/10/2023;17/11/2023;18/12/2023;30/12/2023;23/01/2024;Cerrada y desierta;Regulado;NO;;;;2/01/2024
CP-EXEC2023-005;EXEC;exenergy;1/11/2023;01/02/2024 al 31/12/2036;16/11/2023;27/11/2023;2/01/2024;12/01/2024;2/02/2024;Cerrada y desierta;Regulado;NO;;;;12/01/2024
CP-CDNC2023-004;CDNC;CEDENAR;3/11/2023;01/03/2024 al 31/12/2037;3/11/2023;28/11/2023;28/12/2023;12/01/2024;1/02/2024;Cerrada y adjudicada;Regulado;NO;;;;7/02/2024
CP-CQTC2023-003;CQTC;ELECTROCAQUETA;9/11/2023;01/03/2024 al 31/12/2041;9/11/2023;1/12/2023;3/01/2024;17/01/2024;7/02/2024;Abierta;Regulado;NO;;;;
CP-EVSC2023-002;EVSC;EMEVASI;17/11/2023;01/03/2024 al 31/12/2024;17/11/2023;11/12/2023;11/01/2024;24/01/2024;14/02/2024;Cerrada y desierta;Regulado;NO;;;;26/01/2024
CP-CNSC2023-004;CNSC;CENS;11/12/2023;01/01/2025 al 31/12/2039;11/12/2023;3/01/2024;1/02/2024;14/02/2024;4/03/2024;Abierta;Regulado;NO;;;;
CP-CSSC2023-004;CSSC;Air-e;22/12/2023;01/03/2024 al 31/12/2026;22/12/2023;3/01/2024;1/02/2024;14/02/2024;18/02/2024;Abierta;Regulado;NO;;;;
CP-EEPC2024-001;EEPC;EEP;10/01/2024;01/03/2024 al 31/12/2027;10/01/2024;22/01/2024;2/02/2024;15/02/2024;5/03/2024;Cerrada y desierta;Regulado;NO;;;;15/02/2024
CP-HLAC2023-004;HLAC;ELECTROHUILA;28/12/2023;01/04/2024 al 31/12/2025;28/12/2023;11/01/2024;8/02/2024;21/02/2024;13/03/2024;Abierta;Regulado;NO;;;;
CP-EDPC2023-003;EDPC;DISPAC;19/12/2023;01/04/2024 al 31/12/2033;19/12/2023;12/01/2024;13/02/2024;22/02/2024;12/03/2024;Abierta;Regulado;NO;;;;
CP-EPSC2023-003;EPSC;CELSIA Colombia;19/12/2023;01/01/2025 al 31/12/2029;20/12/2023;15/01/2024;12/02/2024;22/02/2024;14/03/2024;Abierta;Regulado;NO;;;;
CP-CHCC2023-003;CHCC;CHEC;20/12/2023;01/05/2024 al 31/12/2030;21/12/2023;4/01/2024;15/02/2024;28/02/2024;20/03/2024;Abierta;Regulado;NO;;;;
CP-RTQC2023-005;RTQC;RUITOQUE;29/12/2023;04/04/2024 al 31/12/2027;29/12/2023;22/01/2024;19/02/2024;1/03/2024;22/03/2024;Abierta;Regulado;NO;;;;
CP-NEUC2024-001;NEUC;NEU;18/01/2024;01/05/2024 al 31/12/2040;18/01/2024;25/01/2024;22/02/2024;6/03/2024;1/04/2024;Abierta;Regulado;NO;;;;
CP-CEOC2024-001;CEOC;CEO S.A.S E.S.P.;3/01/2024;01/01/2025 al 31/12/2033;9/01/2024;5/02/2024;27/02/2024;8/03/2024;3/04/2024;Abierta;Regulado;NO;;;;
CP-EEPC2024-002;EEPC;EEP;5/02/2024;01/04/2024 al 31/12/2027;5/02/2024;14/02/2024;27/02/2024;8/03/2024;1/04/2024;Abierta;Regulado;NO;;;;
CP-EXEC2024-001;EXEC;exenergy;5/01/2024;01/05/2024 al 31/12/2034;10/01/2024;31/01/2024;4/03/2024;13/03/2024;28/03/2024;Abierta;Regulado;NO;;;;
CP-EDQC2024-001;EDQC;EDEQ;8/02/2024;01/07/2024 al 31/12/2030;9/02/2024;20/02/2024;1/03/2024;14/03/2024;5/04/2024;Abierta;Regulado;NO;;;;
CP-CMXC2024-001;CMXC;CEMEX ENERGY;22/01/2024;01/06/2024 al 31/05/2034;22/01/2024;12/02/2024;11/03/2024;22/03/2024;17/04/2024;Abierta;No Regulado;SI;;;;
CP-PEEC2020-001;PEEC;PEESA;17/02/2020;15/04/2020 al 31/12/2025;4/03/2020;;;;;Cancelada;Regulado;NO;19/02/2020;;3/03/2020;
CP-RTQC2020-002;RTQC;RUITOQUE S.A. E.S.P.;24/06/2020;01/01/2021 al 31/12/2025;25/06/2020;;;;;Cancelada;Regulado;NO;;;26/06/2020;
CP-RTQC2020-003;RTQC;RUITOQUE S.A. E.S.P.;2/07/2020;01/01/2021 al 31/12/2030;3/07/2020;;;;;Cancelada;Regulado;NO;;;3/07/2020;
CP-EPSC2020-001;EPSC;CELSIA Colombia;6/10/2020;01/01/2021 al 31/12/2025;7/10/2020;;;;;Cancelada;Regulado;NO;;;6/10/2020;
CP-CMMC2020-001;CMMC;CARIBEMAR;14/10/2020;01/01/2021 al 31/12/2026;14/10/2020;;;;;Cancelada;Mixto;NO;14/10/2020;;27/10/2020;
CP-EMEC2020-001;EMEC;EMEE;9/11/2020;01/01/2021 al 31/12/2022;9/11/2020;;;;19/01/2021;Cancelada;Regulado;NO;;;7/12/2020;
CP-TPLC2021-004;TPLC;TERPEL;25/06/2021;01/01/2023 al 31/12/2032;29/06/2021;;;;17/09/2021;Cancelada;No Regulado;NO;14/07/2021;;29/07/2021;
CP-TPLC2021-003;TPLC;TERPEL;25/06/2021;01/01/2022 al 31/12/2031;29/06/2021;;;;17/09/2021;Cancelada;Regulado;NO;14/07/2021;;29/07/2021;
CP-CHCC2021-002;CHCC;CHEC;19/10/2021;01/03/2022 al 31/12/2027;21/10/2021;;;;;Cancelada;Regulado;NO;;;19/10/2021;
CP-NEUC2022-001;NEUC;NEU;13/01/2022;01/06/2022 al 31/12/2024;13/01/2022;;;;;Cancelada;Regulado;NO;;;13/01/2022;
CP-ENIC2022-002;ENIC;ENELAR;23/05/2022;01/09/2022 al 31/12/2039;23/05/2022;;;;22/08/2022;Cancelada;Regulado;NO;;;24/05/2022;
CP-ENIC2022-003;ENIC;ENELAR;24/05/2022;01/09/2022 al 31/12/2039;24/05/2022;14/06/2022;15/07/2022;;22/08/2022;Cancelada;Regulado;NO;22/07/2022;;5/08/2022;
CP-NEUC2022-006;NEUC;NEU;5/07/2022;01/09/2022 al 31/12/2022;6/07/2022;;;;;Cancelada;Regulado;NO;;;5/07/2022;
CP-EDPC2022-001;EDPC;DISPAC;26/07/2022;28/09/2022 al 31/10/2022;26/07/2022;;;;;Cancelada;Regulado;NO;;;26/07/2022;
CP-FREC2022-001;FREC;FRANCA ENERGIA;9/08/2022;01/01/2023 al 31/12/2032;12/08/2022;;;;;Cancelada;No Regulado;NO;29/08/2022;;13/09/2022;
CP-EDPC2022-003;EDPC;DISPAC;19/10/2022;01/02/2023 al 31/03/2023;19/10/2022;;;;;Cancelada;Regulado;NO;;;19/10/2022;
CP-ENIC2022-004;ENIC;ENELAR;20/12/2022;01/04/2023 al 31/12/2036;21/12/2022;11/01/2023;8/02/2023;;9/03/2023;Cancelada;Regulado;NO;8/02/2023;;22/02/2023;
CP-ESVC2023-001;ESVC;SIGLO XXI;5/06/2023;01/09/2023 al 31/12/2025;6/06/2023;;;;;Cancelada;Regulado;NO;;;6/06/2023;
CP-ESVC2023-003;ESVC;SIGLO XXI;19/09/2023;01/01/2024 al 30/06/2024;20/09/2023;;;;18/12/2023;Cancelada;Regulado;NO;;;21/09/2023;
CP-EBPC2024-001;EBPC;BAJO PUTUMAYO;25/01/2024;20/03/2024 al 31/12/2026;26/01/2024;;;;;Cancelada;Regulado;NO;;;26/01/2024;
CP-EBSC2024-001;EBSC;EBSA;13/02/2024;01/01/2025 al 31/12/2035;14/02/2024;;;;12/04/2024;Abierta;Regulado;NO;;;;
CP-CSSC2024-001;CSSC;Air-e;19/02/2024;08/04/2024 al 31/12/2037;19/02/2024;;;;11/04/2024;Abierta;Regulado;NO;;;;
CP-QIEC2024-001;QIEC;QI ENERGY;19/02/2024;08/04/2024 al 31/12/2032;19/02/2024;;;;11/04/2024;Abierta;Regulado;NO;;;;
